Workbook

Sheet 设备管理
A1: 设备管理
A2: 序号 | B2: 名称及型号 | C2: 编号 | D2: 状态 | E2: 利用率
A3: 1 | B3: 火花源原子发射光谱仪SPECTRO MAXx | C3: ALTCCS-2022001 | D3: 运行 | E3: 0.3
A4: 2 | B4: 全自动显微维氏硬度计THVS-1MDX-AXYZF | C4: ALTCCS-2022005 | D4: 运行 | E4: 0.2
A5: 3 | B5: 布氏硬度计 THB-3000S | C5: ALTCCS-2022006 | D5: 运行 | E5: 0.2
A6: 4 | B6: 洛氏硬度计 THR-150DT | C6: ALTCCS-2022008 | D6: 运行 | E6: 0.2
A7: 5 | B7: 金相显微镜 AE2000MET | C7: ALTCCS-2022013 | D7: 运行 | E7: 0.3
A8: 6 | B8: 水平燃烧测试仪 TTech-GB8410-T | C8: ALTCCS-2022026 | D8: 运行 | E8: 0.2
A9: 7 | B9: 垂直燃烧测试仪 TTech-GB32086-T | C9: ALTCCS-2022027 | D9: 运行 | E9: 0.2
A10: 8 | B10: 盐雾试验箱（中性） QS-ST-720optA | C10: ALTCCS-2022035 | D10: 运行 | E10: 0.6
A11: 9 | B11: 2T电子万能试验机 CMT4204 | C11: ALTCCS-2022052 | D11: 运行 | E11: 0.5
A12: 10 | B12: 5T电子万能试验机 E45.504 | C12: ALTCCS-2022053 | D12: 运行 | E12: 0.5
A13: 11 | B13: 熔体流动速率试验机ZRE1452 | C13: ALTCCS-2022055 | D13: 运行 | E13: 0.3
A14: 12 | B14: 热变形维卡试验机 ZWK1302-B | C14: ALTCCS-2022056 | D14: 运行 | E14: 0.3
... A23: 21 | B23: 钢直尺 500mm | C23: ALTCCS-2022072 | D23: 运行 | E23: 0.5

Sheet 环境管理
A1: 环境管理
A2: 位置 | B2: 名称 | C2: 温度 | D2: 湿度
A3: 一层 | B3: 扫描电镜试验室 | C3: 25℃ | D3: RH50%
B4: 工业CT试验室 | C4: 24℃ | D4: RH50%
B5: 机械性能分析室1 | C5: 23℃ | D5: RH50%
B6: 配电房 | C6: 25℃ | D6: RH50%
B7: 消防阀室 | C7: 23℃ | D7: RH50%
B8: 特殊试剂室 | C8: 25℃ | D8: RH50%
B9: 机房1 | C9: 23℃ | D9: RH50%
A10: 二层 | B10: 样品拍照室 | C10: 25℃ | D10: RH50%
B11: 化学分析室 | C11: 23℃ | D11: RH50%
B12: 物理分析室 | C12: 25℃ | D12: RH50%
B13: 机械性能分析室2 | C13: 25℃ | D13: RH50%
B14: 老化性能分析室1 | C14: 23℃ | D14: RH50%
B15: 老化性能分析室2 | C15: 22℃ | D15: RH50%
B16: 腐蚀性能试验室2 | C16: 25℃ | D16: RH50%
B17: 腐蚀性能试验室3 | C17: 24℃ | D17: RH50%
B18: 金相制样室 | C18: 25℃ | D18: RH50%
B19: 形貌观察室 | C19: 25℃ | D19: RH50%
B20: 无损检测室 | C20: 25℃ | D20: RH50%
B21: 机房2 | C21: 21℃ | D21: RH50%
B22: 纯水站房 | C22: 25℃ | D22: RH50%
... B27: 会议室1 | C27: 25℃ | D27: RH50%
A28: 三层 | B28: 热性能分析室 | C28: 25℃ | D28: RH50%
B29: 环境友好分析室 | C29: 22℃ | D29: RH50%
B30: 燃烧性能分析室 | C30: 25℃ | D30: RH50%
B31: 电性能分析室 | C31: 23℃ | D31: RH50%
B32: VOC采样室2 | C32: 25℃ | D32: RH50%
B33: 试剂存储室 | C33: 22℃ | D33: RH50%
B34: 留样存储室2 | C34: 25℃ | D34: RH50%
B35: 样品加工室 | C35: 24℃ | D35: RH50%
B36: 会议室2 | C36: 25℃ | D36: RH50%
B37: 会议室3 | C37: 25℃ | D37: RH50%
B38: 培训室1 | C38: 22℃ | D38: RH50%
B39: 培训室2 | C39: 23℃ | D39: RH50%
B40: 新风机房 | C40: 25℃ | D40: RH50%
B41: 气瓶间 | C41: 24℃ | D41: RH50%

Sheet 易耗品管理
A1: 易耗品管理
A2: 物料编号 | B2: 名称 | C2: 规格型号 | D2: 单位 | E2: 累计入库 | F2: 累计出库 | G2: 当前库存 | H2: 类别 | I2: 库位
A3: 01001 | B3: 0-150℃温度计 | C3: 0-150℃ | D3: 个 | E3: 1 | F3: 1 | G3: =E3-F3 -> 0 | H3: 低值易耗品
A4: 01002 | B4: 0-300℃温度计 | C4: 0-300℃ | D4: 个 | E4: 1 | F4: 1 | G4: =E4-F4 -> 0 | H4: 低值易耗品
A5: 01003 | B5: 30cm钢直尺 | C5: 30cm | D5: 个 | E5: 5 | F5: 5 | G5: =E5-F5 -> 0 | H5: 低值易耗品
A6: 01004 | B6: 50cm钢直尺 | C6: 50cm | D6: 个 | E6: 1 | F6: 1 | G6: =E6-F6 -> 0 | H6: 低值易耗品
A7: 01005 | B7: 电子秒表 | C7: / | D7: 个 | E7: 1 | F7: 1 | G7: =E7-F7 -> 0 | H7: 低值易耗品
A8: 01006 | B8: 温湿度计 | C8: / | D8: 个 | E8: 8 | F8: 8 | G8: =E8-F8 -> 0 | H8: 低值易耗品
A9: 01007 | B9: 游标卡尺 | C9: 0-200mm | D9: 个 | E9: 1 | F9: 1 | G9: =E9-F9 -> 0 | H9: 低值易耗品
A10: 01008 | B10: 钢气瓶 | C10: 40L | D10: 个 | E10: =SUMIF([1]入库明细!C:C,B10,[1]入库明细!H:H) -> 12 | F10: =SUMIF([1]出库明细!C:C,B10,[1]出库明细!H:H) -> 12 | G10: =E10-F10 -> 0 | H10: 低值易耗品
A11: 01009 | B11: 丙烷气瓶 | C11: 15kg | D11: 个 | E11: =SUMIF([1]入库明细!C:C,B11,[1]入库明细!H:H) -> 1 | F11: =SUMIF([1]出库明细!C:C,B11,[1]出库明细!H:H) -> 1 | G11: =E11-F11 -> 0 | H11: 低值易耗品
A12: 01010 | B12: 液化石油气罐 | C12: 5kg | D12: 个 | E12: =SUMIF([1]入库明细!C:C,B12,[1]入库明细!H:H) -> 1 | F12: =SUMIF([1]出库明细!C:C,B12,[1]出库明细!H:H) -> 1 | G12: =E12-F12 -> 0 | H12: 低值易耗品
A13: 01011 | B13: 维氏硬度块 | C13: HV1 | D13: 块 | E13: =SUMIF([1]入库明细!C:C,B13,[1]入库明细!H:H) -> 1 | F13: =SUMIF([1]出库明细!C:C,B13,[1]出库明细!H:H) -> 1 | G13: =E13-F13 -> 0 | H13: 低值易耗品
A14: 01012 | B14: 镊子 | C14: 直头、平头、弯头 | D14: 套 | E14: =SUMIF([1]入库明细!C:C,B14,[1]入库明细!H:H) -> 2 | F14: =SUMIF([1]出库明细!C:C,B14,[1]出库明细!H:H) -> 1 | G14: =E14-F14 -> 1 | H14: 低值易耗品 | I14: C-4-1
A15: 01013 | B15: 重型订书机 | C15: 型号0396 | D15: 个 | E15: =SUMIF([1]入库明细!C:C,B15,[1]入库明细!H:H) -> 1 | F15: =SUMIF([1]出库明细!C:C,B15,[1]出库明细!H:H) -> 1 | G15: =E15-F15 -> 0 | H15: 低值易耗品
A16: 01014 | B16: 手推车 | C16: 110*65 | D16: 个 | E16: =SUMIF([1]入库明细!C:C,B16,[1]入库明细!H:H) -> 1 | F16: =SUMIF([1]出库明细!C:C,B16,[1]出库明细!H:H) -> 1 | G16: =E16-F16 -> 0 | H16: 低值易耗品
A17: 01015 | B17: 气瓶推车 | C17: 蓝色经典款普厚（1.0） | D17: 个 | E17: =SUMIF([1]入库明细!C:C,B17,[1]入库明细!H:H) -> 2 | F17: =SUMIF([1]出库明细!C:C,B17,[1]出库明细!H:H) -> 2 | G17: =E17-F17 -> 0 | H17: 低值易耗品
A18: 01016 | B18: 吹风机 | C18: / | D18: 个 | E18: =SUMIF([1]入库明细!C:C,B18,[1]入库明细!H:H) -> 1 | F18: =SUMIF([1]出库明细!C:C,B18,[1]出库明细!H:H) -> 1 | G18: =E18-F18 -> 0 | H18: 低值易耗品
A19: 01017 | B19: 垫脚 | C19: / | D19: 个 | E19: =SUMIF([1]入库明细!C:C,B19,[1]入库明细!H:H) -> 4 | F19: =SUMIF([1]出库明细!C:C,B19,[1]出库明细!H:H) -> 4 | G19: =E19-F19 -> 0 | H19: 低值易耗品
A20: 01018 | B20: 白板 | C20: / | D20: 个 | E20: =SUMIF([1]入库明细!C:C,B20,[1]入库明细!H:H) -> 2 | F20: =SUMIF([1]出库明细!C:C,B20,[1]出库明细!H:H) -> 2 | G20: =E20-F20 -> 0 | H20: 低值易耗品
A21: 02001 | B21: 液压器油 | C21: 46号 | D21: 公斤 | E21: =SUMIF([1]入库明细!C:C,B21,[1]入库明细!H:H) -> 246.91 | F21: =SUMIF([1]出库明细!C:C,B21,[1]出库明细!H:H) -> 246.91 | G21: =E21-F21 -> 0 | H21: 原材料
A22: 02002 | B22: 氩气 | C22: 0.99 | D22: 40L | E22: =SUMIF([1]入库明细!C:C,B22,[1]入库明细!H:H) -> 4 | F22: =SUMIF([1]出库明细!C:C,B22,[1]出库明细!H:H) -> 4 | G22: =E22-F22 -> 0 | H22: 原材料
A23: 02003 | B23: 氮气 | C23: 0.99 | D23: 40L | E23: =SUMIF([1]入库明细!C:C,B23,[1]入库明细!H:H) -> 5 | F23: =SUMIF([1]出库明细!C:C,B23,[1]出库明细!H:H) -> 5 | G23: =E23-F23 -> 0 | H23: 原材料
A24: 02004 | B24: 氧气 | C24: 0.99 | D24: 40L | E24: =SUMIF([1]入库明细!C:C,B24,[1]入库明细!H:H) -> 2 | F24: =SUMIF([1]出库明细!C:C,B24,[1]出库明细!H:H) -> 2 | G24: =E24-F24 -> 0 | H24: 原材料
A25: 02005 | B25: 丙烷气 | C25: 0.95 | D25: 瓶 | E25: =SUMIF([1]入库明细!C:C,B25,[1]入库明细!H:H) -> 1 | F25: =SUMIF([1]出库明细!C:C,B25,[1]出库明细!H:H) -> 1 | G25: =E25-F25 -> 0 | H25: 原材料
A26: 02006 | B26: 液化石油气 | C26: / | D26: 5kg | E26: =SUMIF([1]入库明细!C:C,B26,[1]入库明细!H:H) -> 1 | F26: =SUMIF([1]出库明细!C:C,B26,[1]出库明细!H:H) -> 1 | G26: =E26-F26 -> 0 | H26: 原材料
A27: 02007 | B27: 岩谷丁烷气体 | C27: 0.95 | D27: 瓶 | E27: =SUMIF([1]入库明细!C:C,B27,[1]入库明细!H:H) -> 4 | F27: =SUMIF([1]出库明细!C:C,B27,[1]出库明细!H:H) -> 4 | G27: =E27-F27 -> 0 | H27: 原材料
A28: 02008 | B28: 滤纸60*60cm 中速 | C28: 60*60cm 中速 | D28: 包 | E28: =SUMIF([1]入库明细!C:C,B28,[1]入库明细!H:H) -> 2 | F28: =SUMIF([1]出库明细!C:C,B28,[1]出库明细!H:H) -> 2 | G28: =E28-F28 -> 0 | H28: 原材料
A29: 02009 | B29: 烧杯50ml | C29: 50ml | D29: 个 | E29: =SUMIF([1]入库明细!C:C,B29,[1]入库明细!H:H) -> 5 | F29: =SUMIF([1]出库明细!C:C,B29,[1]出库明细!H:H) -> 5 | G29: =E29-F29 -> 0 | H29: 原材料
A30: 02010 | B30: 烧杯100ml | C30: 100ml | D30: 个 | E30: =SUMIF([1]入库明细!C:C,B30,[1]入库明细!H:H) -> 5 | F30: =SUMIF([1]出库明细!C:C,B30,[1]出库明细!H:H) -> 5 | G30: =E30-F30 -> 0 | H30: 原材料
A31: 02011 | B31: 烧杯200ml | C31: 200ml | D31: 个 | E31: =SUMIF([1]入库明细!C:C,B31,[1]入库明细!H:H) -> 5 | F31: =SUMIF([1]出库明细!C:C,B31,[1]出库明细!H:H) -> 5 | G31: =E31-F31 -> 0 | H31: 原材料
A32: 02012 | B32: 烧杯500ml | C32: 500ml | D32: 个 | E32: =SUMIF([1]入库明细!C:C,B32,[1]入库明细!H:H) -> 5 | F32: =SUMIF([1]出库明细!C:C,B32,[1]出库明细!H:H) -> 5 | G32: =E32-F32 -> 0 | H32: 原材料
A33: 02013 | B33: 烧杯1000ml | C33: 1000ml | D33: 个 | E33: =SUMIF([1]入库明细!C:C,B33,[1]入库明细!H:H) -> 5 | F33: =SUMIF([1]出库明细!C:C,B33,[1]出库明细!H:H) -> 5 | G33: =E33-F33 -> 0 | H33: 原材料
A34: 02014 | B34: 容量瓶50ml | C34: 50ml | D34: 个 | E34: =SUMIF([1]入库明细!C:C,B34,[1]入库明细!H:H) -> 4 | F34: =SUMIF([1]出库明细!C:C,B34,[1]出库明细!H:H) -> 4 | G34: =E34-F34 -> 0 | H34: 原材料
A35: 02015 | B35: 容量瓶100ml | C35: 100ml | D35: 个 | E35: =SUMIF([1]入库明细!C:C,B35,[1]入库明细!H:H) -> 10 | F35: =SUMIF([1]出库明细!C:C,B35,[1]出库明细!H:H) -> 10 | G35: =E35-F35 -> 0 | H35: 原材料
A36: 02016 | B36: 容量瓶250ml | C36: 250ml | D36: 个 | E36: =SUMIF([1]入库明细!C:C,B36,[1]入库明细!H:H) -> 12 | F36: =SUMIF([1]出库明细!C:C,B36,[1]出库明细!H:H) -> 12 | G36: =E36-F36 -> 0 | H36: 原材料
A37: 02017 | B37: 容量瓶500ml | C37: 500ml | D37: 个 | E37: =SUMIF([1]入库明细!C:C,B37,[1]入库明细!H:H) -> 4 | F37: =SUMIF([1]出库明细!C:C,B37,[1]出库明细!H:H) -> 4 | G37: =E37-F37 -> 0 | H37: 原材料
A38: 02018 | B38: 容量瓶1000ml | C38: 1000ml | D38: 个 | E38: =SUMIF([1]入库明细!C:C,B38,[1]入库明细!H:H) -> 4 | F38: =SUMIF([1]出库明细!C:C,B38,[1]出库明细!H:H) -> 4 | G38: =E38-F38 -> 0 | H38: 原材料
A39: 02019 | B39: 容量瓶2000ml | C39: 2000ml | D39: 个 | E39: =SUMIF([1]入库明细!C:C,B39,[1]入库明细!H:H) -> 4 | F39: =SUMIF([1]出库明细!C:C,B39,[1]出库明细!H:H) -> 4 | G39: =E39-F39 -> 0 | H39: 原材料
... A49: 02029 | B49: 玻璃搅拌棒6mm*150mm | C49: 6mm*150mm | D49: 根 | E49: =SUMIF([1]入库明细!C:C,B49,[1]入库明细!H:H) -> 5 | F49: =SUMIF([1]出库明细!C:C,B49,[1]出库明细!H:H) -> 5 | G49: =E49-F49 -> 0 | H49: 原材料
A50: 02030 | B50: 尖嘴冲洗瓶500ml | C50: 500ml | D50: 个 | E50: =SUMIF([1]入库明细!C:C,B50,[1]入库明细!H:H) -> 10 | F50: =SUMIF([1]出库明细!C:C,B50,[1]出库明细!H:H) -> 4 | G50: =E50-F50 -> 6 | H50: 原材料 | I50: C-4-1
A51: 02031 | B51: 干燥皿300mm | C51: 300mm | D51: 个 | E51: =SUMIF([1]入库明细!C:C,B51,[1]入库明细!H:H) -> 3 | F51: =SUMIF([1]出库明细!C:C,B51,[1]出库明细!H:H) -> 3 | G51: =E51-F51 -> 0 | H51: 原材料
A52: 02032 | B52: 干燥皿400mm | C52: 400mm | D52: 个 | E52: =SUMIF([1]入库明细!C:C,B52,[1]入库明细!H:H) -> 3 | F52: =SUMIF([1]出库明细!C:C,B52,[1]出库明细!H:H) -> 3 | G52: =E52-F52 -> 0 | H52: 原材料
A53: 02033 | B53: 白凡士林500g | C53: 500g | D53: 个 | E53: =SUMIF([1]入库明细!C:C,B53,[1]入库明细!H:H) -> 1 | F53: =SUMIF([1]出库明细!C:C,B53,[1]出库明细!H:H) -> 0 | G53: =E53-F53 -> 1 | H53: 原材料 | I53: 试剂-A-8-1
A54: 02034 | B54: 胶头滴管1ml | C54: 1ml | D54: 包 | E54: =SUMIF([1]入库明细!C:C,B54,[1]入库明细!H:H) -> 1 | F54: =SUMIF([1]出库明细!C:C,B54,[1]出库明细!H:H) -> 0 | G54: =E54-F54 -> 1 | H54: 原材料 | I54: C-4-1
A55: 02035 | B55: 胶头滴管3ml | C55: 3ml | D55: 包 | E55: =SUMIF([1]入库明细!C:C,B55,[1]入库明细!H:H) -> 1 | F55: =SUMIF([1]出库明细!C:C,B55,[1]出库明细!H:H) -> 0 | G55: =E55-F55 -> 1 | H55: 原材料 | I55: C-4-1
A56: 02036 | B56: 胶头滴管5ml | C56: 5ml | D56: 包 | E56: =SUMIF([1]入库明细!C:C,B56,[1]入库明细!H:H) -> 1 | F56: =SUMIF([1]出库明细!C:C,B56,[1]出库明细!H:H) -> 1 | G56: =E56-F56 -> 0 | H56: 原材料
A57: 02037 | B57: 脱脂棉500g | C57: 500g | D57: 包 | E57: =SUMIF([1]入库明细!C:C,B57,[1]入库明细!H:H) -> 10 | F57: =SUMIF([1]出库明细!C:C,B57,[1]出库明细!H:H) -> 3 | G57: =E57-F57 -> 7 | H57: 原材料 | I57: C-4-3
A58: 02038 | B58: 乳胶管8*12mm/米 | C58: 8*12mm/米 | D58: 个 | E58: =SUMIF([1]入库明细!C:C,B58,[1]入库明细!H:H) -> 1 | F58: =SUMIF([1]出库明细!C:C,B58,[1]出库明细!H:H) -> 1 | G58: =E58-F58 -> 0 | H58: 原材料
A59: 02039 | B59: 盐雾封边胶带（3M471）10cm*33m | C59: 10cm*33m | D59: 个 | E59: =SUMIF([1]入库明细!C:C,B59,[1]入库明细!H:H) -> 2 | F59: =SUMIF([1]出库明细!C:C,B59,[1]出库明细!H:H) -> 1 | G59: =E59-F59 -> 1 | H59: 原材料 | I59: C-4-1
A60: 02040 | B60: 移液管1ml | C60: 1ml | D60: 个 | E60: =SUMIF([1]入库明细!C:C,B60,[1]入库明细!H:H) -> 2 | F60: =SUMIF([1]出库明细!C:C,B60,[1]出库明细!H:H) -> 2 | G60: =E60-F60 -> 0 | H60: 原材料
A61: 02041 | B61: 移液管2ml | C61: 2ml | D61: 个 | E61: =SUMIF([1]入库明细!C:C,B61,[1]入库明细!H:H) -> 2 | F61: =SUMIF([1]出库明细!C:C,B61,[1]出库明细!H:H) -> 2 | G61: =E61-F61 -> 0 | H61: 原材料
A62: 02042 | B62: 移液管5ml | C62: 5ml | D62: 个 | E62: =SUMIF([1]入库明细!C:C,B62,[1]入库明细!H:H) -> 2 | F62: =SUMIF([1]出库明细!C:C,B62,[1]出库明细!H:H) -> 2 | G62: =E62-F62 -> 0 | H62: 原材料
A63: 02043 | B63: 移液管10ml | C63: 10ml | D63: 个 | E63: =SUMIF([1]入库明细!C:C,B63,[1]入库明细!H:H) -> 2 | F63: =SUMIF([1]出库明细!C:C,B63,[1]出库明细!H:H) -> 2 | G63: =E63-F63 -> 0 | H63: 原材料
A64: 02044 | B64: 移液管20ml | C64: 20ml | D64: 个 | E64: =SUMIF([1]入库明细!C:C,B64,[1]入库明细!H:H) -> 2 | F64: =SUMIF([1]出库明细!C:C,B64,[1]出库明细!H:H) -> 2 | G64: =E64-F64 -> 0 | H64: 原材料
A65: 02045 | B65: 移液管50ml | C65: 50ml | D65: 个 | E65: =SUMIF([1]入库明细!C:C,B65,[1]入库明细!H:H) -> 2 | F65: =SUMIF([1]出库明细!C:C,B65,[1]出库明细!H:H) -> 2 | G65: =E65-F65 -> 0 | H65: 原材料
A66: 02046 | B66: 大小标签纸（不干胶）26*15mm | C66: 26*15mm | D66: 包 | E66: =SUMIF([1]入库明细!C:C,B66,[1]入库明细!H:H) -> 2 | F66: =SUMIF([1]出库明细!C:C,B66,[1]出库明细!H:H) -> 2 | G66: =E66-F66 -> 0 | H66: 原材料
A67: 02047 | B67: 大小标签纸（不干胶）50mm*28mm | C67: 50mm*28mm | D67: 包 | E67: =SUMIF([1]入库明细!C:C,B67,[1]入库明细!H:H) -> 2 | F67: =SUMIF([1]出库明细!C:C,B67,[1]出库明细!H:H) -> 2 | G67: =E67-F67 -> 0 | H67: 原材料
A68: 02048 | B68: 变色硅胶干燥剂 | C68: 500g | D68: 个 | E68: =SUMIF([1]入库明细!C:C,B68,[1]入库明细!H:H) -> 20 | F68: =SUMIF([1]出库明细!C:C,B68,[1]出库明细!H:H) -> 10 | G68: =E68-F68 -> 10 | H68: 原材料 | I68: C-5-1
A69: 02049 | B69: 氯化钠 | C69: 分析纯 | D69: 个 | E69: =SUMIF([1]入库明细!C:C,B69,[1]入库明细!H:H) -> 140 | F69: =SUMIF([1]出库明细!C:C,B69,[1]出库明细!H:H) -> 80 | G69: =E69-F69 -> 60 | H69: 原材料 | I69: D-6-3
A70: 02050 | B70: 乙醇 | C70: 分析纯 | D70: 个 | E70: =SUMIF([1]入库明细!C:C,B70,[1]入库明细!H:H) -> 20 | F70: =SUMIF([1]出库明细!C:C,B70,[1]出库明细!H:H) -> 4 | G70: =E70-F70 -> 16 | H70: 原材料 | I70: 试剂-A-8-5
A71: 02051 | B71: 4%硝酸酒精 | C71: / | D71: 个 | E71: =SUMIF([1]入库明细!C:C,B71,[1]入库明细!H:H) -> 1 | F71: =SUMIF([1]出库明细!C:C,B71,[1]出库明细!H:H) -> 1 | G71: =E71-F71 -> 0 | H71: 原材料
A72: 02052 | B72: 10%盐酸 | C72: 250ml | D72: 个 | E72: =SUMIF([1]入库明细!C:C,B72,[1]入库明细!H:H) -> 1 | F72: =SUMIF([1]出库明细!C:C,B72,[1]出库明细!H:H) -> 1 | G72: =E72-F72 -> 0 | H72: 原材料
A73: 02053 | B73: 氢氧化钠10% | C73: 500ml | D73: 个 | E73: =SUMIF([1]入库明细!C:C,B73,[1]入库明细!H:H) -> 2 | F73: =SUMIF([1]出库明细!C:C,B73,[1]出库明细!H:H) -> 2 | G73: =E73-F73 -> 0 | H73: 原材料
A74: 02054 | B74: 硫酸标准溶液0.1mol/L | C74: C1/2H2SO4=0.1mol/L | D74: 个 | E74: =SUMIF([1]入库明细!C:C,B74,[1]入库明细!H:H) -> 1 | F74: =SUMIF([1]出库明细!C:C,B74,[1]出库明细!H:H) -> 1 | G74: =E74-F74 -> 0 | H74: 原材料
A75: 02055 | B75: 碱石灰 | C75: 分析纯 | D75: 个 | E75: =SUMIF([1]入库明细!C:C,B75,[1]入库明细!H:H) -> 1 | F75: =SUMIF([1]出库明细!C:C,B75,[1]出库明细!H:H) -> 1 | G75: =E75-F75 -> 0 | H75: 原材料
A76: 02056 | B76: 纯甲醇 | C76: 色谱纯 | D76: 个 | E76: =SUMIF([1]入库明细!C:C,B76,[1]入库明细!H:H) -> 4 | F76: =SUMIF([1]出库明细!C:C,B76,[1]出库明细!H:H) -> 4 | G76: =E76-F76 -> 0 | H76: 原材料
A77: 02057 | B77: 高纯乙腈 | C77: 色谱纯 | D77: 个 | E77: =SUMIF([1]入库明细!C:C,B77,[1]入库明细!H:H) -> 4 | F77: =SUMIF([1]出库明细!C:C,B77,[1]出库明细!H:H) -> 4 | G77: =E77-F77 -> 0 | H77: 原材料
A78: 02058 | B78: 醛酮DNPH标准品（2,4-二硝基苯腙） | D78: 个 | E78: =SUMIF([1]入库明细!C:C,B78,[1]入库明细!H:H) -> 0 | F78: =SUMIF([1]出库明细!C:C,B78,[1]出库明细!H:H) -> 0 | G78: =E78-F78 -> 0 | H78: 原材料
A79: 02059 | B79: 碘化钠 | C79: 分析纯 | D79: 个 | E79: =SUMIF([1]入库明细!C:C,B79,[1]入库明细!H:H) -> 1 | F79: =SUMIF([1]出库明细!C:C,B79,[1]出库明细!H:H) -> 1 | G79: =E79-F79 -> 0 | H79: 原材料
A80: 02060 | B80: 亚硝酸钠 | C80: 分析纯 | D80: 个 | E80: =SUMIF([1]入库明细!C:C,B80,[1]入库明细!H:H) -> 0 | F80: =SUMIF([1]出库明细!C:C,B80,[1]出库明细!H:H) -> 0 | G80: =E80-F80 -> 0 | H80: 原材料
A81: 02061 | B81: 重铬酸钾 | C81: 基准级 | D81: 个 | E81: =SUMIF([1]入库明细!C:C,B81,[1]入库明细!H:H) -> 0 | F81: =SUMIF([1]出库明细!C:C,B81,[1]出库明细!H:H) -> 0 | G81: =E81-F81 -> 0 | H81: 原材料
A82: 02062 | B82: 肖特试剂瓶 | C82: 1L | D82: 个 | E82: =SUMIF([1]入库明细!C:C,B82,[1]入库明细!H:H) -> 2 | F82: =SUMIF([1]出库明细!C:C,B82,[1]出库明细!H:H) -> 2 | G82: =E82-F82 -> 0 | H82: 原材料
A83: 02063 | B83: 镶嵌料（HM1 黑色） | C83: 500g | D83: 个 | E83: =SUMIF([1]入库明细!C:C,B83,[1]入库明细!H:H) -> 1 | F83: =SUMIF([1]出库明细!C:C,B83,[1]出库明细!H:H) -> 0 | G83: =E83-F83 -> 1 | H83: 原材料 | I83: C-3-3
A84: 02064 | B84: 通用性热镶嵌料 绿色 | C84: 1kg | D84: 个 | E84: =SUMIF([1]入库明细!C:C,B84,[1]入库明细!H:H) -> 7 | F84: =SUMIF([1]出库明细!C:C,B84,[1]出库明细!H:H) -> 0 | G84: =E84-F84 -> 7 | H84: 原材料 | I84: C-3-3
A85: 02065 | B85: 导电型热镶嵌料 | C85: 1kg | D85: 个 | E85: =SUMIF([1]入库明细!C:C,B85,[1]入库明细!H:H) -> 2 | F85: =SUMIF([1]出库明细!C:C,B85,[1]出库明细!H:H) -> 0 | G85: =E85-F85 -> 2 | H85: 原材料 | I85: C-3-3
A86: 02066 | B86: 保边型热镶嵌料 | C86: 1kg | D86: 个 | E86: =SUMIF([1]入库明细!C:C,B86,[1]入库明细!H:H) -> 10 | F86: =SUMIF([1]出库明细!C:C,B86,[1]出库明细!H:H) -> 0 | G86: =E86-F86 -> 10 | H86: 原材料 | I86: C-3-3
A87: 02067 | B87: 透明型热镶嵌料 | C87: 1kg | D87: 个 | E87: =SUMIF([1]入库明细!C:C,B87,[1]入库明细!H:H) -> 5 | F87: =SUMIF([1]出库明细!C:C,B87,[1]出库明细!H:H) -> 0 | G87: =E87-F87 -> 5 | H87: 原材料 | I87: C-3-3
A88: 02068 | B88: 塑料镶嵌夹 | C88: 100个 | D88: 盒 | E88: =SUMIF([1]入库明细!C:C,B88,[1]入库明细!H:H) -> 5 | F88: =SUMIF([1]出库明细!C:C,B88,[1]出库明细!H:H) -> 1 | G88: =E88-F88 -> 4 | H88: 原材料 | I88: C-3-3
A89: 02069 | B89: 金属镶嵌夹 | C89: 100个 | D89: 盒 | E89: =SUMIF([1]入库明细!C:C,B89,[1]入库明细!H:H) -> 5 | F89: =SUMIF([1]出库明细!C:C,B89,[1]出库明细!H:H) -> 1 | G89: =E89-F89 -> 4 | H89: 原材料 | I89: C-3-3
A90: 02070 | B90: 4861000017 Eppendorf Xplorer 1-20ul 单道电动移液器 | C90: 1-20ul | D90: 个 | E90: =SUMIF([1]入库明细!C:C,B90,[1]入库明细!H:H) -> 1 | F90: =SUMIF([1]出库明细!C:C,B90,[1]出库明细!H:H) -> 0 | G90: =E90-F90 -> 1 | H90: 原材料 | I90: C-1-1
A91: 02071 | B91: 新3123000217老3120000216 Research plus 0.1-2.5ul整支消毒单道移液器(小彩) | C91: 0.1-2.5ul | D91: 个 | E91: =SUMIF([1]入库明细!C:C,B91,[1]入库明细!H:H) -> 1 | F91: =SUMIF([1]出库明细!C:C,B91,[1]出库明细!H:H) -> 0 | G91: =E91-F91 -> 1 | H91: 原材料 | I91: C-1-1
A92: 02072 | B92: 新3123000241老3120000240 Research plus 10-100ul整支消毒单道移液器(小彩) | C92: 10-100ul | D92: 个 | E92: =SUMIF([1]入库明细!C:C,B92,[1]入库明细!H:H) -> 1 | F92: =SUMIF([1]出库明细!C:C,B92,[1]出库明细!H:H) -> 0 | G92: =E92-F92 -> 1 | H92: 原材料 | I92: C-1-1
A93: 02073 | B93: 新3123000268老3120000267 Research plus 100-1000ul整支消毒单道移液器(小彩） | C93: 100-1000ul | D93: 个 | E93: =SUMIF([1]入库明细!C:C,B93,[1]入库明细!H:H) -> 1 | F93: =SUMIF([1]出库明细!C:C,B93,[1]出库明细!H:H) -> 1 | G93: =E93-F93 -> 0 | H93: 原材料
A94: 02074 | B94: 新3123000080老3120000089 Research PLUS 1-10ml整支消毒单道移液器(大彩) | C94: 1-10ml | D94: 个 | E94: =SUMIF([1]入库明细!C:C,B94,[1]入库明细!H:H) -> 1 | F94: =SUMIF([1]出库明细!C:C,B94,[1]出库明细!H:H) -> 1 | G94: =E94-F94 -> 0 | H94: 原材料
A95: 02075 | B95: 0030000811 epTIPS 普通袋装优质级0.1-10ul普通袋装吸头无色 | C95: 2包x500个吸头/盒 | D95: 个 | E95: =SUMIF([1]入库明细!C:C,B95,[1]入库明细!H:H) -> 1 | F95: =SUMIF([1]出库明细!C:C,B95,[1]出库明细!H:H) -> 0 | G95: =E95-F95 -> 1 | H95: 原材料 | I95: C-1-1
A96: 02076 | B96: 0030000870 epTIPS 普通袋装优质级2-200ul普通袋装吸头黄色 | C96: 2包x500个吸头/盒 | D96: 个 | E96: =SUMIF([1]入库明细!C:C,B96,[1]入库明细!H:H) -> 2 | F96: =SUMIF([1]出库明细!C:C,B96,[1]出库明细!H:H) -> 0 | G96: =E96-F96 -> 2 | H96: 原材料 | I96: C-1-1
A97: 02077 | B97: 0030000919 epTIPs 普通袋装优质级50-1000ul吸头普通袋装蓝色 | C97: 2包x500个吸头/盒 | D97: 个 | E97: =SUMIF([1]入库明细!C:C,B97,[1]入库明细!H:H) -> 1 | F97: =SUMIF([1]出库明细!C:C,B97,[1]出库明细!H:H) -> 0 | G97: =E97-F97 -> 1 | H97: 原材料 | I97: C-1-1
A98: 02078 | B98: 0030000765 epTIPS 普通袋装优质级0.5-10ml普通袋装吸头无色 | C98: 2包x100个吸头 | D98: 个 | E98: =SUMIF([1]入库明细!C:C,B98,[1]入库明细!H:H) -> 1 | F98: =SUMIF([1]出库明细!C:C,B98,[1]出库明细!H:H) -> 0 | G98: =E98-F98 -> 1 | H98: 原材料 | I98: C-1-1
A99: 02079 | B99: BS-10-T 10ul短白袋装吸头 | C99: 1000个/包,40包/箱 | D99: 个 | E99: =SUMIF([1]入库明细!C:C,B99,[1]入库明细!H:H) -> 1 | F99: =SUMIF([1]出库明细!C:C,B99,[1]出库明细!H:H) -> 0 | G99: =E99-F99 -> 1 | H99: 原材料 | I99: C-1-1
A100: 02080 | B100: BS-200-T 200ul黄色袋装吸头 | C100: 1000个/包,20包/箱 | D100: 个 | E100: =SUMIF([1]入库明细!C:C,B100,[1]入库明细!H:H) -> 2 | F100: =SUMIF([1]出库明细!C:C,B100,[1]出库明细!H:H) -> 0 | G100: =E100-F100 -> 2 | H100: 原材料 | I100: C-1-1
A101: 02081 | B101: BS-1000-T 1000ul蓝色袋装吸头 | C101: 500个/包,20包/箱 | D101: 个 | E101: =SUMIF([1]入库明细!C:C,B101,[1]入库明细!H:H) -> 1 | F101: =SUMIF([1]出库明细!C:C,B101,[1]出库明细!H:H) -> 0 | G101: =E101-F101 -> 1 | H101: 原材料 | I101: C-1-1
A102: 02082 | B102: BS-10000-TE 10ml袋装吸头(配艾本德 尔森 普兰德 大龙 百得) | C102: 100个/包,20包/箱 | D102: 个 | E102: =SUMIF([1]入库明细!C:C,B102,[1]入库明细!H:H) -> 1 | F102: =SUMIF([1]出库明细!C:C,B102,[1]出库明细!H:H) -> 0 | G102: =E102-F102 -> 1 | H102: 原材料 | I102: C-1-1
A103: 02083 | B103: 氯化钾 | C103: 分析纯 | D103: 个 | E103: =SUMIF([1]入库明细!C:C,B103,[1]入库明细!H:H) -> 1 | F103: =SUMIF([1]出库明细!C:C,B103,[1]出库明细!H:H) -> 1 | G103: =E103-F103 -> 0 | H103: 原材料
A104: 02084 | B104: 氦气 | C104: 0.99 | D104: 40L | E104: =SUMIF([1]入库明细!C:C,B104,[1]入库明细!H:H) -> 2 | F104: =SUMIF([1]出库明细!C:C,B104,[1]出库明细!H:H) -> 2 | G104: =E104-F104 -> 0 | H104: 原材料
A105: 02085 | B105: 防锈油 | C105: 16L | D105: 桶 | E105: =SUMIF([1]入库明细!C:C,B105,[1]入库明细!H:H) -> 1 | F105: =SUMIF([1]出库明细!C:C,B105,[1]出库明细!H:H) -> 1 | G105: =E105-F105 -> 0 | H105: 原材料
A106: 02086 | B106: 甘氨酸 | C106: / | D106: 个 | E106: =SUMIF([1]入库明细!C:C,B106,[1]入库明细!H:H) -> 5 | F106: =SUMIF([1]出库明细!C:C,B106,[1]出库明细!H:H) -> 5 | G106: =E106-F106 -> 0 | H106: 原材料
A107: 02087 | B107: 离子交换树脂交换剂 | C107: 10kg | D107: 袋 | E107: =SUMIF([1]入库明细!C:C,B107,[1]入库明细!H:H) -> 10 | F107: =SUMIF([1]出库明细!C:C,B107,[1]出库明细!H:H) -> 10 | G107: =E107-F107 -> 0 | H107: 原材料
A108: 02088 | B108: 100mm培养皿 | C108: / | D108: 个 | E108: =SUMIF([1]入库明细!C:C,B108,[1]入库明细!H:H) -> 10 | F108: =SUMIF([1]出库明细!C:C,B108,[1]出库明细!H:H) -> 10 | G108: =E108-F108 -> 0 | H108: 原材料
A109: 02089 | B109: 75mm培养皿 | C109: / | D109: 个 | E109: =SUMIF([1]入库明细!C:C,B109,[1]入库明细!H:H) -> 10 | F109: =SUMIF([1]出库明细!C:C,B109,[1]出库明细!H:H) -> 2 | G109: =E109-F109 -> 8 | H109: 原材料 | I109: C-4-1
...

Sheet 方法管理
A1: 方法管理
A2: 序号 | B2: 标准名称 | C2: 标准编号 | D2: 标准有效性 | E2: 备注
A3: 1 | B3: 金属显微组织检验方法 | C3: GB/T 13298-2015 | D3: þ现行有效 ¨作 废 | E3: CNAS
A4: 2 | B4: 钢的游离渗碳体、珠光体和魏氏组织的评定方法 | C4: GB/T 13299-2022 | D4: þ现行有效 ¨作 废 | E4: CNAS
A5: 3 | B5: 灰铸铁金相检验 | C5: GB/T 7216-2023 | D5: þ现行有效 ¨作 废 | E5: CNAS
A6: 4 | B6: 球墨铸铁金相检验 | C6: GB/T 9441-2021 | D6: þ现行有效 ¨作 废 | E6: CNAS
A7: 5 | B7: 钢中非金属夹杂物含量的测定 标准评级图显微检验法 | C7: GB/T 10561-2005 | D7: þ现行有效 ¨作 废 | E7: CNAS
A8: 6 | B8: 金属平均晶粒度测定方法 | C8: GB/T 6394-2017 | D8: þ现行有效 ¨作 废 | E8: CNAS
A9: 7 | B9: 低碳钢冷轧薄板铁素体晶粒度测定法 | C9: GB/T 4335-2013 | D9: þ现行有效 ¨作 废 | E9: CNAS
A10: 8 | B10: 金属材料焊缝破坏性试验 焊缝宏观和微观检验 | C10: GB/T 26955-2011 | D10: þ现行有效 ¨作 废 | E10: CNAS
A11: 9 | B11: 钢铁零件渗氮层深度测定和金相组织检验 | C11: GB/T 11354-2005 | D11: þ现行有效 ¨作 废 | E11: CNAS
A12: 10 | B12: 钢的脱碳层深度测定法 | C12: GB/T 224-2019 | D12: þ现行有效 ¨作 废 | E12: CNAS
A13: 11 | B13: 钢件渗碳淬火硬化层深度的测定和校核 | C13: GB/T 9450-2005 | D13: þ现行有效 ¨作 废 | E13: CNAS
A14: 12 | B14: 金属材料 布氏硬度试验 第1部分：试验方法 | C14: GB/T 231.1-2018 | D14: þ现行有效 ¨作 废 | E14: CNAS
... A37: 35 | B37: 汽车内饰材料的燃烧特性 | C37: GB 8410-2006 | D37: þ现行有效 ¨作 废 | E37: CNAS

Sheet 委托信息
A1: 委托信息
A2: 序号 | B2: 委托编号 | C2: 检测报告编号 | D2: 送样时间 | E2: 试验时间 | F2: 样件名称 | G2: 试验项目 | H2: 跟单人
A3: 1 | B3: 202211001 | C3: w-2022-ALTC-TC-001 | D3: 22.11.08 | E3: 22.11.09 | F3: 热轧板 | G3: 金属拉伸、弯曲 | H3: 吴凡
A4: 2 | B4: 202211002 | C4: w-2022-ALTC-TC-002 | D4: 22.11.21 | E4: 22.11.22 | F4: 聚丙烯 | G4: 塑料机械、热性能的测定 塑料拉伸、弯曲、冲击、负荷变形温度、维卡软化温度、熔体体流动速率 | H4: 吴凡
A5: 3 | B5: 202211003 | C5: w-2022-ALTC-TC-003 | D5: 22.11.28 | E5: 22.11.29 | F5: 橡胶 | G5: 橡胶拉伸、撕裂 | H5: 吴凡
A6: 4 | B6: 202212001 | C6: w-2022-ALTC-TC-004 | D6: 22.12.06 | E6: 22.12.07 | F6: 聚丙烯 | G6: 塑料机械、热性能的测定 塑料拉伸、弯曲、冲击、负荷变形温度、维卡软化温度、熔体体流动速率 | H6: 吴凡
A7: 5 | B7: 202212002 | C7: w-2022-ALTC-TC-005 | D7: 22.12.13 | E7: 22.12.14 | F7: 热轧板 | G7: 金属拉伸、弯曲 | H7: 吴凡
A8: 6 | B8: 202212003 | C8: w-2022-ALTC-TC-006 | D8: 22.12.19 | E8: 22.12.20 | F8: 橡胶 | G8: 橡胶拉伸、撕裂 | H8: 吴凡
A9: 7 | B9: 202301001 | C9: w-2023-ALTC-TC-001 | D9: 23.1.04 | E9: 23.1.05 | F9: 聚丙烯 | G9: 塑料机械、热性能的测定 塑料拉伸、弯曲、冲击、负荷变形温度、维卡软化温度、熔体体流动速率 | H9: 吴凡
A10: 8 | B10: 202301002 | C10: w-2023-ALTC-TC-002 | D10: 23.1.09 | E10: 23.1.10 | F10: 热轧板 | G10: 金属拉伸、弯曲 | H10: 吴凡
A11: 9 | B11: 202301003 | C11: w-2023-ALTC-TC-003 | D11: 23.1.11 | E11: 23.1.12 | F11: 橡胶 | G11: 橡胶拉伸、撕裂 | H11: 吴凡
A12: 10 | B12: 202302001 | C12: w-2023-ALTC-TC-004 | D12: 23.2.06 | E12: 23.2.07 | F12: 聚丙烯 | G12: 塑料机械、热性能的测定 塑料拉伸、弯曲、冲击、负荷变形温度、维卡软化温度、熔体体流动速率 | H12: 吴凡
A13: 11 | B13: 202302002 | C13: w-2023-ALTC-TC-005 | D13: 23.2.13 | E13: 23.2.14 | F13: 橡胶 | G13: 橡胶拉伸、撕裂 | H13: 吴凡
A14: 12 | B14: 202302003 | C14: w-2023-ALTC-TC-006 | D14: 23.2.20 | E14: 23.2.21 | F14: 热轧板 | G14: 金属拉伸、弯曲 | H14: 吴凡
... A25: 23 | B25: 202304008 | C25: w-2023-ALTC-TC-017 | D25: 23.4.17 | E25: 23.4.18 | F25: 橡胶 | G25: 橡胶拉伸、撕裂 | H25: 吴凡
A26: 24 | B26: 202304009 | D26: 23.4.18 | E26: 23.4.19 | F26: 横向稳定杆 | G26: 脱碳层深度、化学成分、洛氏硬度 | H26: 张鑫明
A27: 25 | B27: 202304010 | C27: w-2023-ALTC-TC-019 | D27: 23.4.18 | E27: 23.4.20 | F27: 聚丙烯 | G27: 塑料燃烧性能 水平燃烧、垂直燃烧、内饰燃烧 | H27: 吴凡
A28: 26 | B28: 202304011 | C28: w-2023-ALTC-TC-020 | D28: 23.4.21 | E28: 23.4.24 | F28: 后处理器壳体 | G28: 化学成分 | H28: 张鑫明
A29: 27 | B29: 202304012 | C29: w-2023-ALTC-TC-021 | D29: 23.4.25 | E29: 23.4.27 | F29: 进气接管 | G29: 化学成分 | H29: 张鑫明
A30: 28 | B30: 202304013 | C30: w-2023-ALTC-TC-022 | D30: 23.4.26 | E30: 23.4.27 | F30: 挡泥板支架 | G30: 化学成分 | H30: 张鑫明
A31: 29 | B31: 202304014 | C31: w-2023-ALTC-TC-023 | D31: 23.4.26 | E31: 23.4.27 | F31: 高压油管 | G31: 金相组织 | H31: 张鑫明
A32: 30 | B32: 202304015 | C32: w-2023-ALTC-TC-024 | D32: 23.4.27 | E32: 23.4.28 | F32: 油箱箍带 | G32: 金相组织 | H32: 张鑫明
A33: 31 | B33: 202305001 | C33: w-2023-ALTC-TC-025 | D33: 23.5.4 | E33: 23.5.8 | F33: 差动阀支架 | G33: 中性盐雾 | H33: 刘丽愉
A34: 32 | B34: 202305002 | C34: w-2023-ALTC-TC-026 | D34: 23.5.4 | E34: 23.5.5 | F34: 气室支架 | G34: 金相组织、硬度 | H34: 张鑫明
A35: 33 | B35: 202305003 | C35: w-2023-ALTC-TC-027 | D35: 23.5.5 | E35: 23.5.8 | F35: 调温器壳体 | G35: 化学成分 | H35: 张鑫明
A36: 34 | B36: 202305004 | C36: w-2023-ALTC-TC-028 | D36: 23.5.8 | E36: 23.5.9 | F36: 空气钢管支架 | G36: 金相组织 | H36: 张鑫明
A37: 35 | B37: 202305005 | C37: w-2023-ALTC-TC-029 | D37: 23.5.8 | E37: 23.5.9 | F37: 聚丙烯 | G37: 塑料机械、热性能的测定 塑料拉伸、弯曲、冲击、负荷变形温度、维卡软化温度、熔体体流动速率 | H37: 吴凡
A38: 36 | B38: 202305006 | C38: w-2023-ALTC-TC-030 | D38: 23.5.8 | E38: 23.5.9 | F38: 空气钢管 | G38: 金相组织 | H38: 张鑫明
... A53: 51 | B53: 202305021 | C53: w-2023-ALTC-TC-045 | D53: 23.5.26 | E53: 23.5.29 | F53: 聚丙烯（燃烧） | G53: 汽车内饰燃烧、垂直燃烧 | H53: 吴凡
A54: 52 | B54: 202305022 | C54: w-2023-ALTC-TC-046 | D54: 23.5.29 | E54: 23.5.30 | F54: 室温拉伸比对设备比对（5月）没出报告 | H54: 吴凡
A55: 53 | B55: 202306001 | C55: w-2023-ALTC-TC-047 | D55: 23.6.2 | E55: 23.6.3 | F55: 油箱箍带 | G55: 金相组织 | H55: 张鑫明
A56: 54 | B56: 202306002 | C56: w-2023-ALTC-TC-048 | D56: 23.6.6 | E56: 23.6.7 | F56: 雨刮连杆 | G56: 金相组织、化学成分 | H56: 张鑫明
A57: 55 | B57: 202306003 | C57: w-2023-ALTC-TC-049 | D57: 23.6.12 | E57: 23.6.13 | F57: 制动鼓 | G57: 金相组织 | H57: 张鑫明
A58: 56 | B58: 202306004 | C58: w-2023-ALTC-TC-050 | D58: 23.6.19 | E58: 23.6.20 | F58: 聚丙烯塑料 | G58: 塑料拉伸、熔体 | H58: 吴凡
A59: 57 | B59: 202306005 | C59: w-2023-ALTC-TC-051 | D59: 23.6.20 | E59: 23.6.21 | F59: 半轴 | G59: 脱碳层深度 | H59: 张鑫明
A60: 58 | B60: 202306006 | C60: w-2023-ALTC-TC-052 | D60: 23.6.22 | E60: 23.6.23 | F60: 热变形温度留样再测（6月）没出报告 | H60: 吴凡
A61: 59 | B61: 202306007 | C61: w-2023-ALTC-TC-053 | D61: 23.6.25 | E61: 23.6.26 | F61: 惰齿轮 | G61: 渗碳淬火硬化层深度测定 | H61: 张鑫明
A62: 60 | B62: 202306008 | C62: w-2023-ALTC-TC-054 | D62: 23.6.25 | E62: 23.6.26 | F62: 橡胶 | G62: 橡胶拉伸 | H62: 吴凡
A63: 61 | B63: 202306009 | C63: w-2023-ALTC-TC-055 | D63: 2023.6.26 | E63: 2023.6.27 | F63: 转向节 | G63: 金相组织 | H63: 张鑫明
A64: 62 | B64: 202306010 | C64: w-2023-ALTC-TC-056 | D64: 23.6.30 | E64: 23.7.3 | F64: 铝合金油箱 | G64: 化学成分 | H64: 张鑫明
A65: 63 | B65: 202306011 | C65: w-2023-ALTC-TC-057 | D65: 23.6.30 | E65: 23.7.3 | F65: 聚丙烯 | G65: 塑料燃烧性能 | H65: 姜艺玺
A66: 64 | B66: 202307001 | C66: w-2023-ALTC-TC-058 | D66: 23.7.3 | E66: 23.7.4 | F66: 储气筒箍带 | G66: 金相组织 | H66: 张鑫明
A67: 65 | B67: 202307002 | C67: w-2023-ALTC-TC-059 | D67: 23.7.3 | E67: 23.7.4 | F67: 储气筒筒壁焊接接头 | G67: 焊接接头宏观、微观检测 | H67: 张鑫明
A68: 66 | B68: 202307003 | C68: w-2023-ALTC-TC-060 | D68: 23.7.7 | E68: 23.7.10 | F68: 挡泥板支架 | G68: 化学成分 | H68: 张鑫明
A69: 67 | B69: 202307004 | C69: w-2023-ALTC-TC-061 | D69: 23.7.11 | E69: 23.7.12 | F69: 铸铁试棒 | G69: 金相组织 | H69: 张鑫明
A70: 68 | B70: 202307005 | C70: w-2023-ALTC-TC-062 | D70: 23.7.14 | E70: 23.7.17 | F70: 消音器（方盒） | G70: 中性盐雾 | H70: 刘丽愉
A71: 69 | B71: 202307006 | C71: w-2023-ALTC-TC-063 | D71: 23.7.17 | E71: 23.7.18 | F71: 高压油管 | G71: 金相组织 | H71: 张鑫明
A72: 70 | B72: 202307007 | C72: w-2023-ALTC-TC-064 | D72: 23.7.19 | E72: 23.7.20 | F72: 布氏硬度（7月标准物质验证）不出 | H72: 张鑫明
A73: 71 | B73: 202307008 | C73: w-2023-ALTC-TC-065 | D73: 23.7.24 | E73: 23.7.25 | F73: 后处理器壳体 | G73: 化学成分 | H73: 张鑫明
A74: 72 | B74: 202307009 | C74: w-2023-ALTC-TC-066 | D74: 23.7.27 | E74: 23.7.28 | F74: 气门导管 | G74: 金相组织、渗氮层深 | H74: 张鑫明
A75: 73 | B75: 202307010 | C75: w-2023-ALTC-TC-067 | D75: 23.7.31 | E75: 23.8.1 | F75: 聚丙烯塑料 | G75: 塑料冲击 | H75: 吴凡
A76: 74 | B76: 202308001 | C76: w-2023-ALTC-TC-068 | D76: 23.8.7 | E76: 23.8.8 | F76: 气门导管（灰铸铁） | G76: 金相组织 | H76: 张鑫明
A77: 75 | B77: 202308002 | C77: w-2023-ALTC-TC-069 | D77: 23.8.9 | E77: 23.8.10 | F77: 横梁（脱碳层） | G77: 脱碳层深度 | H77: 张鑫明
A78: 76 | B78: 202308003 | C78: w-2023-ALTC-TC-070 | D78: 23.8.11 | E78: 23.8.14 | F78: 空心半轴（20CrMo）化学成分 | G78: 化学成分 | H78: 张鑫明
A79: 77 | B79: 202308004 | C79: w-2023-ALTC-TC-071 | D79: 23.8.14 | E79: 23.8.15 | F79: 垫片（渗氮层深） | G79: 渗氮层深度 | H79: 张鑫明
A80: 78 | B80: 202308005 | C80: w-2023-ALTC-TC-072 | D80: 23.8.16 | E80: 23.8.17 | F80: 油箱托架和侧板焊接接头 | G80: 焊缝微观和宏观检测 | H80: 张鑫明
A81: 79 | B81: 202308006 | C81: w-2023-ALTC-TC-073 | D81: 23.8.18 | E81: 23.8.21 | F81: 支撑杆（20CrMnTiH）化学成分 | G81: 化学成分 | H81: 张鑫明
A82: 80 | B82: 202308007 | C82: w-2023-ALTC-TC-074 | D82: 23.8.21 | E82: 23.8.22 | F82: 铝合金中镁含量留样再测（8月） | G82: 化学成分 | H82: 张鑫明
A83: 81 | B83: 202308008 | C83: w-2023-ALTC-TC-075 | D83: 23.8.22 | E83: 23.8.23 | F83: 聚丙烯塑料 | G83: 塑料拉伸、弯曲 | H83: 吴凡
A84: 82 | B84: 202308009 | C84: w-2023-ALTC-TC-076 | D84: 23.8.23 | E84: 23.8.24 | F84: 加油管支架 | G84: 中性盐雾 | H84: 武基勇
... A128: 126 | B128: 202310026 | C128: w-2023-ALTC-TC-120 | D128: 2023.10.30 | E128: 2023.10.30 | F128: 钢板 | G128: 显微组织 | H128: 张鑫明

Sheet Sheet2
A1: 时间 | B1: 任务量 | C1: 报告完成
A2: 8月 | B2: 12 | C2: 12
A3: 9月 | B3: 15 | C3: 15
A4: 10月 | B4: 26 | C4: 26
A5: 11月
A6: 12月
A17: 时间 | B17: 金额（万）
A18: 8月 | B18: 0
A19: 9月 | B19: 0
A20: 10月 | B20: 100
A21: 11月 | B21: 200
A22: 12月
